set persist=1;
create table professoren (persnr bigint, name varchar(30) not null,rang varchar(3) not null, raum bigint not null, primary key (persnr));
create table studenten (matrnr bigint, name varchar(30) not null, semester bigint not null, primary key (matrnr));
create table vorlesungen (vorlnr bigint, titel varchar(30) not null, sws bigint not null, gelesenvon bigint not null, primary key (vorlnr));
create table voraussetzen (vorgaenger bigint not null, nachfolger bigint not null, primary key (vorgaenger, nachfolger));
create table hoeren (matrnr bigint not null, vorlnr bigint not null, primary key (matrnr, vorlnr));
create table assistenten (persnr bigint, name varchar(30) not null, fachgebiet varchar(30) not null, boss bigint not null, primary key (persnr));
create table pruefen (matrnr bigint not null, vorlnr bigint not null, persnr bigint not null, note decimal(2,1) not null, primary key (matrnr, vorlnr, persnr);
insert into professoren(persnr, name, rang, raum) values (2125,'Sokrates','C4',226), (2126,'Russel','C4',232), (2127,'Kopernikus','C3',310), (2133,'Popper','C3',52), (2134,'Augustinus','C3',309), (2136,'Curie','C4',36), (2137,'Kant','C4',7);
insert into studenten(matrnr, name, semester) values (24002,'Xenokrates',18), (25403,'Jonas',12), (26120,'Fichte',10), (26830,'Aristoxenos',8), (27550,'Schopenhauer',6), (28106,'Carnap',3), (29120,'Theophrastos',2), (29555,'Feuerbach',2);
insert into vorlesungen(vorlnr, titel, sws, gelesenvon) values (5001,'Grundzuege',4,2137), (5041,'Ethik',4,2125), (5043,'Erkenntnistheorie',3,2126), (5049, 'Maeeutik',2,2125), (4052,'Logik',4,2125), (5052,'Wissenschaftstheorie',3,2126), (5216,'Bioethik',2,2126), (5259,'Der Wiener Kreis',2,2133), (5022,'Glaube und Wissen',2,2134), (4630,'Die 3 Kritiken',4,2137);
insert into voraussetzen(vorgaenger, nachfolger) values (5001,5041), (5001,5043), (5001,5049), (5041,5216), (5043,5052), (5041,5052), (5052,5259);
insert into hoeren(matrnr, vorlnr) values (26120,5001), (27550,5001), (27550,4052), (28106,5041), (28106,5052), (28106,5216), (28106,5259), (29120,5001), (29120,5041), (29120,5049), (29555,5022), (25403,5022), (29555,5001);
insert into assistenten(persnr, name, fachgebiet, boss) values (3002,'Platon','Ideenlehre',2125), (3003,'Aristoteles','Syllogistik',2125), (3004,'Wittgenstein','Sprachtheorie',2126), (3005,'Rhetikus','Planetenbewegung', 2127), (3006,'Newton','Keplersche Gesetze', 2127), (3007,'Spinoza','Gott und Natur',2134);
insert into pruefen(matrnr, vorlnr, persnr, note) values (28106,5001,2126,1.0), (25403,5041,2125,2.0), (27550, 4630, 2137,2.0);